year,public_health_gdp
1995,1.051510963
1996,1.006714181
1997,1.072536175
1998,1.104334395
1999,1.130458988
2000,1.112443009
2001,1.077996182
2002,1.025761987
2003,0.984930506
2004,1.022681766
2005,1.1342577
2006,1.110610623
2007,1.099600724
2008,1.162740942
2009,1.220971081
2010,1.161015809
2011,1.175376637
2012,1.183872748
2013,1.286886584
2014,1.407237618