"","fuel_type","total","stunting","stunting_rate","pm10"
"2","Crop Residue",2617,1266,0.483760030569354,1.4
"3","Dung",3744,1818,0.485576923076923,1.6
"4","Kerosene",1311,473,0.360793287566743,0.08
"5","LPG",10001,2458,0.245775422457754,0
"6","Wood",19868,8710,0.438393396416348,0.4
